"Epic","Feature","Story","FAILED","BROKEN","PASSED","SKIPPED","UNKNOWN"
"Fm Chapter Overview and Content","Frontmatter","","0","0","13","0","0"
"Referenced_Standards","Referenced Standard","","0","0","1","1","0"
"Chapter Overview and Content","Sub-Section","","0","0","5","0","0"
"","Dashboard","","0","1","20","0","0"
"Appendix Overview and Content","Appendix","","0","0","15","0","0"
"Project Overview","External Links Management","","0","0","1","0","0"
"Chapter Overview and Content","Figure","","0","0","6","0","0"
"","Add Project","","0","0","5","0","0"
"Chapter Overview and Content","Chapter","","0","0","5","0","0"
"Project Overview","Smart Index","","0","0","3","0","0"
"Referenced_Standards","Promulgator","","0","0","2","0","0"
"Chapter Overview and Content","Section","","0","0","5","0","0"
"","Login","","0","0","6","0","0"
"Project Overview","Sort Order","","0","0","2","0","0"
"Project Overview","Defination Managemant","","0","0","2","0","0"
"Referenced_Standards","Referenced_Standards","","0","0","2","0","0"
"Project Overview","Cahpter Versions","","0","0","1","0","0"
